"","PWS91","PWS96","PWS07","PWS17"
"PWS91",NA,0.00657103729836714,0.00943547686429456,0.00722517891979608
"PWS96",NA,NA,0.00799014677928786,0.0070235018669078
"PWS07",NA,NA,NA,0.00997169590813043
"PWS17",NA,NA,NA,NA
