"","pop1","pop2","Year","meanFst","sd"
"1","PWS96","SS96","1996",0.00469516671734861,0.00014388675038932
"2","PWS07","SS06","2006",0.00894176428984999,0.000276682265562184
"3","PWS17","SS17","2017",0.00670222268141239,0.000158998314225965
