"","Year","meanFst","ci_low","ci_high","realFst","pop","P.val"
"1","1991-1996",0.004191123810957,0.00390770349093764,0.00464932048535207,0.00685822326244816,"TB",0.00980392156862745
"2","1996-2006",0.00485335653314794,0.00458337300373569,0.00525408130793697,0.00767316737615494,"TB",0.00980392156862745
"3","2006-2017",0.00558594205569113,0.00524591556789983,0.00599027689938983,0.00790641012080602,"TB",0.00980392156862745
