"cov","low"
"cov12",0.0298527798869313
"cov13",0.035589642853659
"cov23",0.0341995343246986
