pc1,pc2,pc3,pop,year
-11.618765069636714,19.586855597023625,2.848740857808298e-14,SS,1996
27.15733659601326,-1.7982211039137028,2.848740857808292e-14,SS,2006
-15.538571526376456,-17.7886344931099,2.848740857808302e-14,SS,2017
