pc1,pc2,pc3,pc4,pop,year
-8.342749307458153,-16.55176631356184,-9.747998342060885,6.853682398611377e-14,TB,1991
-7.96686573260819,0.20034509855256274,18.93344296129751,6.853682398611421e-14,TB,1996
22.865210143401693,-0.9958197049307496,0.3160700621722151,6.853682398611424e-14,TB,2006
-6.555595103335507,17.347240919940155,-9.501514681409025,6.853682398611329e-14,TB,2017
