pc1,pc2,pc3,pc4,pc5,pc6,pc7,pop,year
-2.89987475215497,-10.153754601811633,-10.841187650522379,22.677709859235627,4.14275737533294,-0.2543904591069692,6.8652301991734305e-15,PWS,1991
-3.7100787501143437,-3.849356061727694,-5.177719337657877,-6.3748581613473,-15.276033071008403,-16.666525378113416,6.865230199173434e-15,PWS,1996
-16.237046504061265,25.53618893571865,4.6374305662324575,3.801637771077714,2.417363464450208,-0.24319933111367198,6.865230199173427e-15,PWS,2006
-2.795181316050728,-13.443682139813902,24.60675090067197,0.2971278570137196,2.579709538514746,-0.009476510565400512,6.865230199173427e-15,PWS,2017
-2.6653207527717138,-3.18620550304573,-5.193223826487227,-6.215622513549632,-12.084487041893562,19.054496280226175,6.865230199173427e-15,SS,1996
30.975701376789534,10.059349960707582,1.728632915251703,1.4936287954562895,0.5411735228475637,-0.6176285473101457,6.865230199173438e-15,SS,2006
-2.668199301636545,-4.962540590027286,-9.760683567488655,-15.679623607886425,17.679516211756507,-1.2632760540165793,6.865230199173427e-15,SS,2017
