pc1,pc2,pc3,pc4,pop,year
-10.602479455739374,-20.77338777818349,-10.938871662063757,9.758711013385699e-15,PWS,1991
-3.068881537359576,-2.6902312388306298,23.400907026331584,9.758711013385712e-15,PWS,1996
27.83929423577174,2.4739925955246407,-5.25447283464401,9.758711013385713e-15,PWS,2006
-14.167933242672817,20.98962642148947,-7.207562529623833,9.758711013385705e-15,PWS,2017
