pc1,pc2,pc3,pop,year
-12.347146136821014,20.41219789317119,9.178528134755634e-15,SS,1996
28.489125386858905,-1.735580714587673,9.178528134755637e-15,SS,2006
-16.141979250037913,-18.67661717858353,9.178528134755623e-15,SS,2017
