pc1,pc2,pc3,pc4,pop,year
-11.145679527127642,-21.70109366956099,-11.392662027718591,1.361701957921519e-14,PWS,1991
-3.0200661683447576,-2.8237250524174824,24.491567278641845,1.36170195792152e-14,PWS,1996
29.064294832432687,2.6154573838733435,-5.644937117077871,1.361701957921517e-14,PWS,2006
-14.898549136960256,21.909361338105157,-7.4539681338454145,1.3617019579215178e-14,PWS,2017
