pc1,pc2,pc3,pc4,pc5,pc6,pc7,pop,year
-2.9434567775675586,-10.634689480532625,-10.92885951284153,23.94465055346683,3.915059051140975,-0.2359310368580175,9.432283211524609e-15,PWS,1991
-4.188324815455158,-3.9525607734786306,-5.5912824615027095,-6.942352366654582,-15.631633185877293,-17.53587771916751,9.432283211524619e-15,PWS,1996
-16.767304248158922,26.780090297136677,5.008162442038142,4.089511821459997,2.504647128928642,-0.17217031508186587,9.432283211524612e-15,PWS,2006
-2.6815508098991163,-13.981410721093999,25.800744386696998,0.09531459339975333,2.413879345404349,0.06708581701650182,9.432283211524619e-15,PWS,2017
-3.0204987602461246,-3.348492686194792,-5.724503767031356,-6.79024666599745,-12.588946747886142,19.769446490929763,9.432283211524625e-15,SS,1996
32.55764491611462,10.383306769654856,1.5475937064170153,1.3277652192932148,0.3890140676782388,-0.6400013188270782,9.432283211524625e-15,SS,2006
-2.9565095047877628,-5.246243405491491,-10.111854793776578,-15.72464315496774,18.997980340611278,-1.2525519180117763,9.432283211524608e-15,SS,2017
