pc1,pc2,pc3,pc4,pop,year
-9.004343916472882,18.139392352241032,-9.07073736335322,1.3246430218005155e-13,TB,1991
-8.185785823899634,-1.6203539809117546,19.918481819599997,1.3246430218005314e-13,TB,1996
24.016327396268036,1.2096038005210719,0.23744941523056853,1.3246430218004996e-13,TB,2006
-6.826197655895052,-17.728642171850097,-11.085193871477438,1.324643021800532e-13,TB,2017
