pc1,pc2,pc3,pc4,pop,year
-12.17755907752722,23.51937547826082,-10.436137667906033,1.3280247392250388e-14,PWS,1991
2.8290894167180203,2.6506408377803066,27.61634362723265,1.328024739225037e-14,PWS,1996
26.51097275311233,-3.8978647392492047,-11.450225032460443,1.3280247392250364e-14,PWS,2006
-17.162503092303087,-22.27215157679193,-5.729980926866171,1.3280247392250383e-14,PWS,2017
