"Group.1","x"
"PWS07",1.22457319565217
"PWS17",0.959660446428571
"PWS91",1.02838489655172
"PWS96",1.08584426388889
"SS06",0.983074048780488
"SS17",1.005945234375
"SS96",1.10343670512821
"TB06",1.10693496153846
"TB17",0.941212916666667
"TB91",1.13594310810811
"TB96",0.935789643835616
