"","pop1","pop2","Ne","median","mean","CI.low","CI.up"
"1","96","06",76.6892313047284,76.6575279120095,76.6409434727138,73.896533767829,79.7368185388456
"2","96","17",229.30258626533,229.324338551702,229.269405501837,219.622694455364,238.29389126722
"3","06","17",85.1638896310714,85.2090448111407,85.2884166927801,82.2529107378199,88.8410439545168
