"","methods","Ne","Ne_10000"
"1","W.planI",91.1261806114689,93.8237597085184
"2","W.planII",93.8518084625956,93.8518084625956
"3","JR.planI",84.0916184199129,86.3924915469704
"4","JR.planII",86.4163627880973,86.4163627880973
"5","P.planI",134.924842749342,140.785884329539
"6","P.planII",140.847654297197,140.847654297197
"7","P.alt.1step.planII",85.312934404961,85.312934404961
