"","pop1","pop2","Ne","median","mean","CI.low","CI.up"
"1","91","96",42.8410093721747,42.8812458963682,42.8825053596004,41.0909793654686,44.7780217773341
"2","91","06",110.206473445924,110.203577350823,110.287353166463,106.275391150992,114.572767663493
"3","91","17",197.743971594014,197.701856597561,197.837303910658,190.96970152075,204.262214549722
"4","96","06",74.6608789566702,74.7093623223931,74.7202520205835,71.6027365049331,77.9145028675873
"5","96","17",187.022996944841,186.97430199966,186.8730780815,179.486244147171,194.138004669226
"6","06","17",77.7224504684424,77.6241401323445,77.6085321222878,74.6577358439181,80.8887364614558
