"","methods","Ne01_t1","Ne12_t2"
"1","W.planI",24.8749928196086,25.9160995892607
"2","W.planII",24.927151503105,25.9677078845027
"3","JR.planI",22.7482101595536,23.4943427910434
"4","JR.planII",22.792064953646,23.5370158452775
"5","P.planI",34.8872202953701,36.3726532724843
"6","P.planII",34.9869453923217,36.4707658811694
"7","P.alt.1step.planII",23.1660677644142,21.9584016689467
