"","methods","Ne01_t1","Ne12_t2","Ne23_t2"
"1","W.planI",23.3789176983431,38.8846738877565,42.6010133007138
"2","W.planII",23.469080701129,39.009983032235,42.7377622415432
"3","JR.planI",15.9724079704978,25.6299457184154,27.7710856915743
"4","JR.planII",16.0150009488593,25.6852844864897,27.8301908938002
"5","P.planI",24.7926080802271,39.1882647839719,42.2573162526198
"6","P.planII",24.8926176527817,39.3136905628253,42.3895636255762
"7","P.alt.1step.planII",16.2607755522297,25.2665049453764,27.2308104595592
