"","pop1","pop2","Ne","median","mean","CI.low","CI.up"
"1","91","96",50.9286760853362,51.0175302978493,51.0120506109938,48.5237412437675,53.4634935422016
"2","91","07",124.001754711752,124.153661760255,124.117392851872,119.959383595058,128.293519203178
"3","91","17",233.505859444086,233.60134365539,233.983107066964,224.222795146951,244.6271075966
"4","96","07",80.6768375081898,80.5274066738045,80.5600579092933,78.0834871291422,83.2134602271177
"5","96","17",194.650989935545,195.111737845217,194.916386850305,183.077414487188,204.342366351912
"6","07","17",74.7138153354207,74.7271436689817,74.6855237856705,71.7630932404045,77.3106338910672
