"","methods","Ne","Ne_100000"
"1","W.planI",113.3695688857,117.544801478354
"2","W.planII",117.58852252894,117.58852252894
"3","JR.planI",76.8511731705381,78.7755043032418
"4","JR.planII",78.7954233492067,78.7954233492067
"5","P.planI",114.93432976969,119.16667239993
"6","P.planII",119.210991598113,119.210991598113
"7","P.alt.1step.planII",80.8470594090243,80.8470594090243
