"","methods","Ne01_t1","Ne12_t2","Ne23_t2"
"1","W.planI",16.0011596263843,31.8647788288775,24.5696367581588
"2","W.planII",16.043868819127,31.9420626840024,24.6205532841906
"3","JR.planI",15.2798489493567,30.1959268196187,22.8387461684293
"4","JR.planII",15.318881104597,30.2655150942495,22.882923036401
"5","P.planI",23.9089153461015,47.7897610350242,34.8174144829135
"6","P.planII",24.0018690454676,47.9592220521375,34.9163489738333
"7","P.alt.1step.planII",14.2758413182323,28.118604540037,22.5118428622111
