"","methods","Ne","Ne_10000","Ne_100000"
"1","W.planI",70.8964729708108,72.383530349472,72.5355953783927
"2","W.planII",72.552530055857,72.552530055857,72.552530055857
"3","JR.planI",66.6104522835816,67.9260402313974,68.0603928889436
"4","JR.planII",68.0753529914058,68.0753529914058,68.0753529914058
"5","P.planI",101.212031946189,104.180226730399,104.486494934778
"6","P.planII",104.520634192857,104.520634192857,104.520634192857
"7","P.alt.1step.planII",64.7862045712827,64.7862045712827,64.7862045712827
