"","pop.yr","pi"
"1","TB91",0.0034475511419065
"2","TB96",0.00354454100660194
"3","TB06",0.00356693725234462
"4","TB17",0.00338966807711003
"5","PWS91",0.00372650238137738
"6","PWS96",0.0038393085515221
"7","PWS07",0.00377376608736726
"8","PWS17",0.00349800312569863
"9","SS96",0.00384680782806244
"10","SS06",0.00344814544053391
"11","SS17",0.00363475799625587
"12","BC17",0.00380475917350617
"13","WA17",0.00370175548533494
"14","CA17",0.00401743537933042
