"","Year","meanFst","ci_low","ci_high","realFst","pop","P.val"
"1","1991-1996",NA,NA,NA,NA,"SS",NA
"2","1996-2006",0.00708899964614864,0.00677706464088465,0.00752420444283177,0.0089629486033014,"SS",0.00980392156862745
"3","2006-2017",0.00806071293577171,0.0077223798867133,0.00844870458296975,0.00922432851219412,"SS",0.00980392156862745
