"","pop1","pop2","Year","rep1","rep2","rep3","rep4","rep5","rep6","rep7","rep8","rep9","rep10","meanFst","sd"
"1","PWS96","SS96","1996",0.00465626550580525,0.00463803248301634,0.00457112443107899,0.00482096710501839,0.00463887634470064,0.00467123741639768,0.00469041388099766,0.00454332784132942,0.00467073153973969,0.00502257337367887,0.00469235499217629,0.000137647634303371
"2","PWS07","SS06","2006",0.0086891279962543,0.00897702384891316,0.00925581745541518,0.00851783654345045,0.00859742631662883,0.00885782698473075,0.00858070501686313,0.00852011576586912,0.00891467529299217,0.00903805376200869,0.00879486089831258,0.000251965001414707
"3","PWS17","SS17","2017",0.000951225223297353,0.00644792244978598,0.00686820068170031,0.00700439339936979,0.00661323134936991,0.00681447384627762,0.00653640979787368,0.00651392994996141,0.00672442611237075,0.00721489786435342,0.00616891106743602,0.00184872569073365
