"","pop","He_knownEM","He_maf"
"1","CA17","0.157325495452135","0.148057946803845"
"2","PWS07","0.179056103418336","0.170096255068365"
"3","PWS96","0.162649777421183","0.153827000559456"
"4","TB06","0.191743560181687","0.175782937559863"
"5","TB17","0.175893461569138","0.168194758512693"
"6","TB91","0.166574761158312","0.156659897279876"
"7","TB96","0.170516021767471","0.159106621312112"
"8","PWS91","0.17713953133765","0.169043732148784"
"9","PWS17","0.17713953133765","0.169043732148784"
