pop,pop.yr,meanHe
PWS,PWS07,0.003942772
PWS,PWS17,0.003586285
PWS,PWS91,0.003751171
PWS,PWS96,0.003736631
SS,SS06,0.003916679
SS,SS17,0.0036151
SS,SS96,0.003642623
TB,TB06,0.003775126
TB,TB17,0.003159909
TB,TB91,0.003230944
TB,TB96,0.003289889