"","Year","meanFst","ci_low","ci_high","realFst","pop","P.val"
"1","1991-1996",0.00558864301590564,0.00539083327407858,0.00586980501415142,0.00657103729836714,"PWS",0.00980392156862745
"2","1996-2006",0.00631367549083608,0.00606544151380399,0.00661391009040893,0.00799014677928786,"PWS",0.00980392156862745
"3","2006-2017",0.00771638962856548,0.00742156009418269,0.00806714040819497,0.00997169590813043,"PWS",0.00980392156862745
